id;ongame_id;nick_name;reg_date;last_date;photo_path;ip
1;Practical Metal Cheese Internal;Health ability;multi-byte Games engage;interactive;Washington vortals;Frozen Factors
2;Fish orchid;Practical Credit Card Account Guarani;Cambridgeshire customized Division;time-frame Unbranded Plastic Hat Representative;Specialist;Centralized payment deposit
3;pricing structure Tasty;Central;scalable;synthesize Chips;deposit web-readiness;Sleek
4;Ball Uzbekistan;convergence;Internal ADP;Missouri expedite;Pennsylvania override Armenia;methodologies
5;green Village;generate;Greens transitional Associate;orange;Avon Senior;capability Metal withdrawal
6;incentivize architectures Steel;Ergonomic Fresh Keyboard pink Steel;Agent pixel;Sleek Plastic Chips copying;function Legacy;Awesome Intelligent
7;Realigned Rustic Rubber Chips Data;sensor groupware pink;River;Square copy Michigan;Borders Borders Leone;Garden e-enable
8;tan;interface;XSS;Savings Account;Bacon;integrated Metrics Future
9;Beauty;Associate;Camp multi-byte;actuating;bluetooth bi-directional;Virginia
10;transparent vortals;Robust Gloves;Oklahoma national SMS;deposit;full-range;discrete Customer
